Index,Predicci√≥n
0,1
1,0
2,2
3,0
4,1
5,0
6,1
7,0
8,0
9,2
10,1
11,0
12,1
13,1
14,0
15,1
16,0
17,0
18,1
19,0
20,0
21,0
22,1
23,1
24,0
25,0
26,1
27,1
28,0
29,1
30,1
31,1
32,1
33,2
34,1
35,2
36,0
37,1
38,0
39,0
40,0
41,1
42,1
43,0
44,1
45,0
46,1
47,1
48,1
49,0
50,1
51,1
52,0
53,1
54,1
55,2
56,1
57,1
58,0
59,0
60,1
61,0
62,1
63,0
64,0
65,1
66,1
67,1
68,0
69,2
70,0
71,0
72,0
73,0
74,2
75,1
76,1
77,1
78,0
79,1
80,0
81,0
82,1
83,0
84,2
85,0
86,1
87,0
88,1
89,0
90,0
91,0
92,0
93,1
94,1
95,0
96,0
97,0
98,0
99,0
100,1
101,1
102,0
103,0
104,1
105,0
106,1
107,2
108,2
109,1
110,0
111,1
112,0
113,0
114,1
115,0
116,1
117,0
118,1
119,0
120,1
121,1
122,0
123,1
124,0
125,0
126,2
127,0
128,1
129,1
130,1
131,1
132,0
133,1
134,0
135,1
136,0
137,1
138,0
139,0
140,1
141,1
142,0
143,0
144,2
145,0
146,0
147,1
148,1
149,0
150,1
151,0
152,0
153,1
154,1
155,1
156,0
157,2
158,1
159,2
160,1
161,0
162,1
163,0
164,0
165,1
166,2
167,0
168,0
169,0
170,0
171,1
172,0
173,2
174,1
175,1
176,1
177,1
178,1
179,1
180,0
181,0
182,0
183,0
184,2
185,0
186,0
187,2
188,1
189,0
190,1
191,2
192,0
193,0
194,2
195,0
196,2
197,0
198,0
199,1
200,0
201,1
202,2
203,1
204,0
205,1
206,1
207,1
208,1
209,0
210,1
211,0
212,1
213,1
214,0
215,1
216,0
217,0
218,0
219,1
220,1
221,1
222,0
223,0
224,1
225,0
226,1
227,2
228,1
229,0
230,0
231,0
232,1
233,0
234,0
235,1
236,0
237,1
238,1
239,2
240,0
241,1
242,1
243,1
244,1
245,1
246,0
247,0
248,1
249,0
250,0
251,1
252,1
253,1
254,1
255,1
256,1
257,2
258,0
259,0
260,0
261,2
262,1
263,0
264,0
265,1
266,1
267,0
268,1
269,0
270,0
271,0
272,0
273,0
274,0
275,2
276,0
277,2
278,0
279,2
280,1
281,1
282,0
283,1
284,2
285,0
286,1
287,0
288,0
289,0
290,0
291,1
292,0
293,0
294,1
295,0
296,1
297,1
298,1
299,0
300,0
301,0
302,0
303,2
304,1
305,1
306,1
307,1
308,0
309,1
310,0
311,0
312,0
313,0
314,0
315,0
316,2
317,1
318,0
319,0
320,1
321,1
322,1
323,0
324,0
325,0
326,0
327,0
328,0
329,0
330,0
331,0
332,1
333,0
334,0
335,2
336,1
337,1
338,0
339,0
340,0
341,0
342,1
343,1
344,1
345,1
346,0
347,0
348,0
349,1
350,2
351,1
352,0
353,2
354,1
355,0
356,1
357,1
358,1
359,1
360,1
361,0
362,1
363,1
364,0
365,0
366,2
367,0
368,0
369,0
370,1
371,0
372,0
373,0
374,0
375,0
376,2
377,0
378,2
379,1
380,0
381,0
382,0
383,1
384,0
385,0
386,0
387,0
388,0
389,0
390,1
391,0
392,2
393,0
394,2
395,1
396,0
397,2
398,0
399,1
400,1
401,1
402,1
403,0
404,1
405,0
406,0
407,1
408,1
409,0
410,0
411,0
412,0
413,1
414,2
415,1
416,1
417,1
418,1
419,2
420,0
421,1
422,0
423,0
424,0
425,0
426,1
427,1
428,2
429,1
430,2
431,0
432,1
433,2
434,0
435,1
436,2
437,2
438,0
439,1
440,2
441,2
442,0
443,1
444,1
445,1
446,0
447,1
448,0
449,0
450,2
451,0
452,0
453,1
454,1
455,0
456,0
457,0
458,1
459,1
460,0
461,1
462,1
463,0
464,0
465,0
466,0
467,1
468,0
469,0
470,0
471,0
472,1
473,1
474,1
475,0
476,1
477,1
478,2
479,1
480,0
481,1
482,1
483,1
484,0
485,0
486,1
487,1
488,1
489,0
490,0
491,0
492,0
493,1
494,1
495,1
496,0
497,0
498,1
499,1
500,1
501,0
502,0
503,0
504,1
505,0
506,1
507,0
508,0
509,0
510,1
511,0
512,0
513,1
514,0
515,1
516,2
517,0
518,2
519,0
520,1
521,0
522,0
523,0
524,1
525,0
526,1
527,0
528,0
529,1
530,0
531,1
532,1
533,1
534,0
535,1
536,1
537,1
538,0
539,1
540,0
541,0
542,1
543,0
544,1
545,1
546,1
547,1
548,0
549,0
550,1
551,0
552,1
553,1
554,0
555,1
556,1
557,1
558,0
559,1
560,1
561,0
562,2
563,2
564,0
565,1
566,1
567,1
568,0
569,0
570,0
571,1
572,0
573,0
574,0
575,0
576,1
577,0
578,0
579,1
580,1
581,0
582,1
583,1
584,0
585,1
586,0
587,1
588,1
589,0
590,1
591,1
592,1
593,2
594,0
595,0
596,0
597,0
598,1
599,0
600,1
601,1
602,2
603,1
604,0
605,1
606,1
607,2
608,0
609,0
610,1
611,1
612,1
613,2
614,0
615,0
616,1
617,1
618,1
619,1
620,1
621,1
622,1
623,0
624,0
625,1
626,0
627,1
628,0
629,0
630,0
631,2
632,0
633,2
634,0
635,1
636,1
637,0
638,1
639,1
640,1
641,0
642,0
643,0
644,1
645,1
646,0
647,0
648,0
649,2
650,0
651,0
652,0
653,1
654,0
655,0
656,0
657,0
658,1
659,1
660,2
661,1
662,2
663,0
664,0
665,0
666,2
667,1
668,0
669,2
670,0
671,0
672,0
673,1
674,0
675,0
676,1
677,0
678,1
679,1
680,1
681,0
682,0
683,0
684,0
685,1
686,1
687,1
688,0
689,1
690,0
691,1
692,1
693,0
694,0
695,1
696,0
697,0
698,0
699,0
700,1
701,1
702,0
703,1
704,0
705,1
706,0
707,1
708,0
709,1
710,1
711,1
712,1
713,1
714,1
715,1
716,0
717,1
718,0
719,0
720,0
721,1
722,0
723,0
724,0
725,0
726,0
727,0
728,0
729,0
730,2
731,0
732,1
733,0
734,1
735,1
736,0
737,0
738,0
739,2
740,0
741,1
742,0
743,0
744,0
745,1
746,0
747,1
748,1
749,0
750,2
751,2
752,0
753,1
754,1
755,2
756,0
757,1
758,1
759,1
760,1
761,1
762,1
763,2
764,1
765,1
766,0
767,2
768,0
769,1
770,0
771,0
772,0
773,1
774,1
775,0
776,0
777,0
778,0
779,0
780,0
781,1
782,1
783,1
784,0
785,1
786,2
787,1
788,0
789,0
790,1
791,1
792,0
793,0
794,0
795,1
796,0
797,0
798,1
799,1
800,0
801,1
802,0
803,0
804,0
805,0
806,1
807,1
808,0
809,0
810,0
811,0
812,0
813,2
814,1
815,0
816,0
817,1
818,1
819,1
820,0
821,1
822,0
823,1
824,1
825,0
826,0
827,1
828,0
829,0
830,0
831,1
832,0
833,0
834,1
835,0
836,0
837,0
838,0
839,0
840,0
841,0
842,1
843,1
844,1
845,0
846,1
847,0
848,0
849,0
850,0
851,2
852,0
853,0
854,0
855,1
856,0
857,0
858,0
859,1
860,0
861,1
862,1
863,2
864,2
865,1
866,0
867,0
868,0
869,1
870,1
871,1
872,0
873,0
874,2
875,0
876,1
877,1
878,0
879,0
880,0
881,0
882,0
883,2
884,1
885,2
886,1
887,0
888,1
889,0
890,1
891,1
892,2
893,1
894,1
895,1
896,1
897,1
898,0
899,0
900,1
901,0
902,0
903,0
904,1
905,0
906,0
907,2
908,0
909,0
910,0
911,1
912,0
913,0
914,2
915,1
916,1
917,0
918,0
919,0
920,1
921,0
922,1
923,1
924,1
925,0
926,0
927,1
928,0
929,0
930,1
931,0
932,0
933,0
934,1
935,0
936,1
937,1
938,1
939,1
940,0
941,0
942,1
943,0
944,2
945,1
946,1
947,1
948,1
949,0
950,1
951,1
952,0
953,1
954,0
955,0
956,0
957,1
958,1
959,0
960,0
961,1
962,0
963,1
964,2
965,0
966,0
967,0
968,1
969,0
970,1
971,1
972,1
973,1
974,0
975,0
976,1
977,0
978,0
979,1
980,0
981,0
982,1
983,0
984,0
985,0
986,1
987,1
988,1
989,0
990,0
991,1
992,0
993,1
994,0
995,1
996,1
997,0
998,1
999,1
1000,1
1001,1
1002,1
1003,1
1004,0
1005,0
1006,2
1007,1
1008,1
1009,0
1010,0
1011,2
1012,1
1013,1
1014,0
1015,0
1016,0
1017,1
1018,2
1019,1
1020,1
1021,1
1022,1
1023,0
1024,0
1025,0
1026,1
1027,0
1028,1
1029,1
1030,1
1031,0
1032,1
1033,1
1034,0
1035,0
1036,1
1037,1
1038,1
1039,0
1040,0
1041,1
1042,2
1043,0
1044,0
1045,0
1046,0
1047,1
1048,0
1049,1
1050,1
1051,1
1052,0
1053,1
1054,1
1055,0
1056,0
1057,0
1058,1
1059,0
1060,1
1061,1
1062,0
1063,0
1064,0
1065,1
1066,0
1067,1
1068,1
1069,1
1070,1
1071,0
1072,2
1073,0
1074,0
1075,1
1076,0
1077,1
1078,0
1079,1
1080,2
1081,0
1082,0
1083,0
1084,0
1085,1
1086,1
1087,1
1088,1
1089,1
1090,1
1091,1
1092,0
1093,0
1094,0
1095,0
1096,0
1097,1
1098,0
1099,0
1100,2
1101,0
1102,0
1103,1
1104,0
1105,0
1106,1
1107,2
1108,1
1109,1
1110,0
1111,1
1112,1
1113,0
1114,0
1115,1
1116,1
1117,0
1118,0
1119,0
1120,0
1121,0
1122,0
1123,0
1124,0
1125,0
1126,1
1127,1
1128,0
1129,0
1130,0
1131,0
1132,1
1133,1
1134,0
1135,0
1136,1
1137,1
1138,1
1139,1
1140,0
1141,0
1142,2
1143,1
1144,0
1145,0
1146,1
1147,2
1148,0
1149,1
1150,0
1151,1
1152,1
1153,1
1154,0
1155,0
1156,1
1157,0
1158,0
1159,1
1160,1
1161,2
1162,0
1163,0
1164,1
1165,0
1166,1
1167,1
1168,1
1169,0
1170,0
1171,1
1172,0
1173,1
1174,0
1175,0
1176,0
1177,0
1178,0
1179,1
1180,1
1181,1
1182,0
1183,0
1184,1
1185,1
1186,1
1187,2
1188,2
1189,1
1190,1
1191,0
1192,2
1193,0
1194,1
1195,0
1196,1
1197,1
1198,2
1199,0
1200,0
1201,2
1202,0
1203,1
1204,0
1205,0
1206,1
1207,0
1208,1
1209,0
1210,0
1211,0
1212,1
1213,1
1214,1
1215,1
1216,1
1217,0
1218,2
1219,0
1220,0
1221,0
1222,0
1223,1
1224,1
1225,0
1226,0
1227,0
1228,0
1229,0
1230,1
1231,0
1232,0
1233,1
1234,1
1235,1
1236,0
1237,1
1238,1
1239,1
1240,0
1241,1
1242,0
1243,2
1244,1
1245,1
1246,0
1247,0
1248,1
1249,0
1250,1
1251,2
1252,1
1253,0
1254,0
1255,0
1256,0
1257,0
1258,0
1259,2
1260,0
1261,0
1262,2
1263,2
1264,1
1265,0
1266,0
1267,0
1268,1
1269,0
1270,2
1271,1
1272,1
1273,1
1274,1
1275,1
1276,1
1277,0
1278,0
1279,1
1280,1
1281,1
1282,1
1283,0
1284,0
1285,1
1286,0
1287,0
1288,1
1289,0
1290,0
1291,2
1292,1
1293,1
1294,2
1295,0
1296,1
1297,0
1298,0
1299,1
1300,0
1301,0
1302,0
1303,0
1304,1
1305,0
1306,1
1307,0
1308,1
1309,0
1310,1
1311,0
1312,1
1313,0
1314,0
1315,0
1316,0
1317,1
1318,1
1319,1
1320,0
1321,0
1322,0
1323,1
1324,1
1325,0
1326,1
1327,0
1328,1
1329,0
1330,1
1331,1
1332,0
1333,0
1334,0
1335,0
1336,1
1337,0
1338,1
1339,0
1340,0
1341,0
1342,1
1343,0
1344,1
1345,1
1346,0
1347,1
1348,0
1349,1
1350,0
1351,0
1352,1
1353,0
1354,0
1355,1
1356,0
1357,1
1358,1
1359,1
1360,0
1361,0
1362,0
1363,1
1364,0
1365,1
1366,1
1367,0
1368,1
1369,2
1370,0
1371,0
1372,1
1373,0
1374,0
1375,1
1376,0
1377,0
1378,1
1379,2
1380,0
1381,1
1382,1
1383,1
1384,2
1385,0
1386,0
1387,1
1388,0
1389,0
1390,0
1391,1
1392,1
1393,0
1394,2
1395,0
1396,1
1397,1
1398,0
1399,1
1400,2
1401,0
1402,1
1403,0
1404,0
1405,0
1406,1
1407,0
1408,1
1409,1
1410,0
1411,1
1412,0
1413,0
1414,0
1415,1
1416,1
1417,1
1418,1
1419,1
1420,1
1421,1
1422,0
1423,0
1424,1
1425,1
1426,1
1427,0
1428,1
1429,1
1430,1
1431,0
1432,1
1433,1
1434,0
1435,0
1436,0
1437,1
1438,2
1439,1
1440,0
1441,0
1442,1
1443,0
1444,0
1445,0
1446,0
1447,1
1448,1
1449,2
1450,0
1451,0
1452,0
1453,0
1454,0
1455,0
1456,1
1457,1
1458,0
1459,1
1460,0
1461,0
1462,2
1463,0
1464,0
1465,0
1466,1
1467,0
1468,0
1469,0
1470,1
1471,2
1472,0
1473,1
1474,1
1475,0
1476,0
1477,1
1478,0
1479,0
1480,2
1481,0
1482,0
1483,1
1484,0
1485,1
1486,1
1487,1
1488,0
1489,0
1490,0
1491,1
1492,1
1493,1
1494,0
1495,0
1496,0
1497,0
1498,0
1499,0
1500,0
1501,1
1502,0
1503,1
1504,0
1505,0
1506,0
1507,1
1508,1
1509,1
1510,0
1511,1
1512,2
1513,0
1514,1
1515,1
1516,1
1517,0
1518,0
1519,0
1520,0
1521,0
1522,1
1523,1
1524,0
1525,0
1526,1
1527,1
1528,0
1529,0
1530,1
1531,0
1532,1
1533,1
1534,0
1535,0
1536,2
1537,0
1538,0
1539,1
1540,2
1541,0
1542,0
1543,0
1544,1
1545,0
1546,0
1547,1
1548,0
1549,2
1550,0
1551,1
1552,0
1553,1
1554,1
1555,2
1556,1
1557,2
1558,1
1559,0
1560,1
1561,1
1562,0
1563,0
1564,1
1565,1
1566,0
1567,0
1568,1
1569,0
1570,1
1571,1
1572,1
1573,1
1574,1
1575,1
1576,0
1577,1
1578,1
1579,1
1580,0
1581,0
1582,1
1583,0
1584,1
1585,0
1586,1
1587,0
1588,0
1589,0
1590,1
1591,2
1592,1
1593,0
1594,1
1595,1
1596,1
1597,1
1598,1
1599,0
1600,0
1601,0
1602,0
1603,0
1604,2
1605,0
1606,0
1607,1
1608,0
1609,0
1610,1
1611,0
1612,0
1613,1
1614,0
1615,1
1616,2
1617,0
1618,1
1619,2
1620,2
1621,2
1622,1
1623,1
1624,1
1625,0
1626,0
1627,1
1628,0
1629,0
1630,1
1631,0
1632,0
1633,1
1634,2
1635,0
1636,0
1637,0
1638,0
1639,0
1640,2
1641,1
1642,0
1643,0
1644,0
1645,0
1646,0
1647,2
1648,1
1649,1
1650,1
1651,1
1652,0
1653,0
1654,0
1655,1
1656,0
1657,1
1658,2
1659,0
1660,0
1661,0
1662,0
1663,0
1664,0
1665,0
1666,0
1667,1
1668,1
1669,2
1670,1
1671,1
1672,0
1673,1
1674,0
1675,0
1676,0
1677,1
1678,0
1679,1
1680,1
1681,1
1682,0
1683,1
1684,0
1685,1
1686,0
1687,0
1688,0
1689,1
1690,1
1691,0
1692,0
1693,0
1694,0
1695,0
1696,0
1697,1
1698,1
1699,1
1700,0
1701,0
1702,0
1703,1
1704,1
1705,1
1706,2
1707,1
1708,1
1709,1
1710,1
1711,2
1712,1
1713,1
1714,1
1715,1
1716,0
1717,0
1718,0
1719,1
1720,0
1721,1
1722,0
1723,0
1724,1
1725,0
1726,0
1727,1
1728,1
1729,0
1730,0
1731,0
1732,1
1733,1
1734,0
1735,2
1736,1
1737,0
1738,0
1739,1
1740,1
1741,0
1742,1
1743,0
1744,1
1745,1
1746,0
1747,1
1748,0
1749,1
1750,1
1751,1
1752,1
1753,2
1754,0
1755,1
1756,2
1757,0
1758,1
1759,1
1760,1
1761,1
1762,1
1763,0
1764,0
1765,1
1766,2
1767,1
1768,0
1769,1
1770,1
1771,1
1772,1
1773,1
1774,0
1775,0
1776,1
1777,0
1778,0
1779,0
1780,1
1781,0
1782,0
1783,1
1784,2
1785,1
1786,0
1787,1
1788,1
1789,1
1790,0
1791,1
1792,2
1793,0
1794,0
1795,0
1796,1
1797,0
1798,0
1799,2
1800,1
1801,0
1802,0
1803,1
1804,1
1805,0
1806,0
1807,1
1808,0
1809,0
1810,2
1811,0
1812,1
1813,0
1814,0
1815,0
1816,0
1817,0
1818,0
1819,0
1820,1
1821,0
1822,1
1823,0
1824,1
1825,0
1826,0
1827,0
1828,0
1829,1
1830,1
1831,0
1832,1
1833,2
1834,1
1835,2
1836,1
1837,1
1838,1
1839,2
1840,1
1841,1
1842,0
1843,1
1844,0
1845,0
1846,0
1847,0
1848,0
1849,1
1850,0
1851,0
1852,1
1853,0
1854,0
1855,1
1856,1
1857,0
1858,0
1859,1
1860,1
1861,0
1862,0
1863,0
1864,0
1865,0
1866,0
1867,1
1868,0
1869,0
1870,0
1871,2
1872,0
1873,0
1874,0
1875,0
1876,2
1877,2
1878,0
1879,0
1880,1
1881,0
1882,2
1883,2
1884,1
1885,0
1886,1
1887,1
1888,0
1889,1
1890,1
1891,1
1892,0
1893,0
1894,0
1895,0
1896,0
1897,0
1898,1
1899,2
1900,0
1901,1
1902,0
1903,1
1904,0
1905,0
1906,0
1907,0
1908,2
1909,1
1910,1
1911,0
1912,1
1913,0
1914,1
1915,0
1916,2
1917,0
1918,0
1919,0
1920,1
1921,1
1922,0
1923,1
1924,0
1925,1
1926,2
1927,0
1928,0
1929,1
1930,0
1931,0
1932,0
1933,0
1934,0
1935,1
1936,1
1937,0
1938,0
1939,0
1940,0
1941,1
1942,1
1943,0
1944,1
1945,1
1946,0
1947,1
1948,0
1949,0
1950,1
1951,0
1952,0
1953,1
1954,1
1955,1
1956,0
1957,1
1958,1
1959,0
1960,1
1961,1
1962,0
1963,0
1964,1
1965,1
1966,2
1967,0
1968,0
1969,1
1970,0
1971,0
1972,0
1973,2
1974,0
1975,2
1976,0
1977,0
1978,1
1979,1
1980,0
1981,1
1982,0
1983,0
1984,1
1985,2
1986,0
1987,0
1988,0
1989,0
1990,0
1991,1
1992,1
1993,1
1994,0
1995,1
1996,1
1997,2
1998,2
1999,2
2000,0
2001,0
2002,2
2003,0
2004,0
2005,1
2006,1
2007,1
2008,0
2009,1
2010,2
2011,1
2012,0
2013,1
2014,2
2015,0
2016,1
2017,1
2018,1
2019,1
2020,0
2021,1
2022,0
2023,0
2024,0
2025,1
2026,0
2027,1
2028,0
2029,0
2030,1
2031,0
2032,0
2033,0
2034,1
2035,0
2036,1
2037,0
2038,0
2039,0
2040,1
2041,2
2042,1
2043,1
2044,0
2045,0
2046,0
2047,0
2048,2
2049,0
2050,1
2051,1
2052,1
2053,2
2054,1
2055,0
2056,0
2057,1
2058,2
2059,1
2060,0
2061,0
2062,0
2063,0
2064,1
2065,0
2066,0
2067,0
2068,1
2069,0
2070,1
2071,1
2072,0
2073,1
2074,1
2075,1
2076,1
2077,1
2078,0
2079,1
2080,0
2081,1
2082,1
2083,0
2084,0
2085,2
2086,1
2087,0
2088,1
2089,1
2090,0
2091,1
2092,0
2093,1
2094,1
2095,1
2096,2
2097,1
2098,1
2099,0
2100,0
2101,1
2102,0
2103,0
2104,0
2105,0
2106,1
2107,1
2108,1
2109,0
2110,1
2111,1
2112,0
2113,0
2114,1
2115,1
2116,1
2117,1
2118,0
2119,1
2120,1
2121,0
2122,0
2123,0
2124,1
2125,0
2126,0
2127,0
2128,0
2129,1
2130,0
2131,0
2132,2
2133,1
2134,1
2135,1
2136,0
2137,0
2138,0
2139,1
2140,1
2141,0
2142,0
2143,0
2144,2
2145,0
2146,1
2147,1
2148,1
2149,0
2150,1
2151,1
2152,1
2153,0
2154,0
2155,1
2156,0
2157,0
2158,1
2159,1
2160,0
2161,0
2162,0
2163,0
2164,0
2165,1
2166,1
2167,0
2168,0
2169,0
2170,1
2171,1
2172,1
2173,1
2174,1
2175,0
2176,1
2177,1
2178,1
2179,1
2180,0
2181,1
2182,0
2183,1
2184,0
2185,0
2186,1
2187,0
2188,2
2189,0
2190,1
2191,0
2192,0
2193,0
2194,1
2195,0
2196,0
2197,0
2198,0
2199,1
2200,1
2201,2
2202,0
2203,1
2204,2
2205,2
2206,0
2207,1
2208,0
2209,0
2210,0
2211,0
2212,0
2213,0
2214,0
2215,1
2216,0
2217,1
2218,1
2219,1
2220,2
2221,0
2222,0
2223,0
2224,1
2225,1
2226,1
2227,0
2228,0
2229,2
2230,1
2231,0
2232,0
2233,0
2234,0
2235,0
2236,1
2237,0
2238,1
2239,0
2240,1
2241,0
2242,1
2243,0
2244,2
2245,1
2246,1
2247,0
2248,0
2249,1
2250,0
2251,0
2252,1
2253,0
2254,2
2255,1
2256,1
2257,0
2258,0
2259,2
2260,0
2261,0
2262,1
2263,0
2264,1
2265,1
2266,0
2267,1
2268,0
2269,1
2270,1
2271,0
2272,2
2273,0
2274,1
2275,2
2276,0
2277,1
2278,2
2279,1
2280,2
2281,1
2282,0
2283,1
2284,1
2285,2
2286,0
2287,1
2288,1
2289,1
2290,0
2291,1
2292,2
2293,0
2294,1
2295,1
2296,1
2297,0
2298,0
2299,1
2300,1
2301,1
2302,0
2303,0
2304,1
2305,0
2306,2
2307,1
2308,0
2309,1
2310,2
2311,0
2312,0
2313,1
2314,0
2315,1
2316,2
2317,1
2318,0
2319,1
2320,1
2321,2
2322,2
2323,0
2324,1
2325,1
2326,2
2327,0
2328,0
2329,1
2330,0
2331,1
2332,1
2333,1
2334,1
2335,1
2336,1
2337,0
2338,0
2339,1
2340,2
2341,1
2342,0
2343,0
2344,1
2345,2
2346,0
2347,1
2348,0
2349,2
2350,1
2351,1
2352,0
2353,1
2354,0
2355,2
2356,0
2357,1
2358,1
2359,0
2360,0
2361,0
2362,0
2363,1
2364,0
2365,0
2366,0
2367,1
2368,0
2369,0
2370,0
2371,1
2372,0
2373,1
2374,0
2375,1
2376,0
2377,1
2378,1
2379,0
2380,1
2381,0
2382,0
2383,1
2384,0
2385,0
2386,0
2387,0
2388,0
2389,1
2390,0
2391,0
2392,1
2393,1
2394,2
2395,0
2396,1
2397,0
2398,2
2399,1
2400,1
2401,2
2402,1
2403,0
2404,2
2405,1
2406,1
2407,0
2408,0
2409,0
2410,0
2411,1
2412,0
2413,1
2414,1
2415,1
2416,0
2417,1
2418,0
2419,0
2420,0
2421,0
2422,1
2423,0
2424,1
2425,0
2426,0
2427,0
2428,1
2429,0
2430,1
2431,0
2432,1
2433,0
2434,2
2435,1
2436,1
2437,0
2438,0
2439,1
2440,1
2441,1
2442,1
2443,1
2444,1
2445,1
2446,0
2447,0
2448,1
2449,0
2450,1
2451,1
2452,0
2453,1
2454,0
2455,0
2456,1
2457,0
2458,0
2459,0
2460,2
2461,0
2462,1
2463,2
2464,0
2465,1
2466,1
2467,0
2468,2
2469,2
2470,1
2471,0
2472,0
2473,1
2474,0
2475,0
2476,1
2477,1
2478,1
2479,0
2480,2
2481,0
2482,0
2483,0
2484,0
2485,2
2486,1
2487,0
2488,0
2489,1
2490,1
2491,1
2492,1
2493,1
2494,0
2495,1
2496,0
2497,1
2498,0
2499,0
2500,1
2501,1
2502,0
2503,1
2504,1
2505,0
2506,0
2507,0
2508,0
2509,1
2510,0
2511,0
2512,1
2513,0
2514,1
2515,0
2516,1
2517,1
2518,1
2519,0
2520,0
2521,0
2522,0
2523,1
2524,1
2525,0
2526,0
2527,2
2528,0
2529,0
2530,1
2531,0
2532,1
2533,0
2534,0
2535,0
2536,0
2537,0
2538,1
2539,1
2540,0
2541,1
2542,0
2543,0
2544,1
2545,0
2546,1
2547,1
2548,0
2549,0
2550,0
2551,2
2552,0
2553,0
2554,2
2555,1
2556,0
2557,0
2558,1
2559,0
2560,1
2561,0
2562,1
2563,1
2564,1
2565,0
2566,1
2567,0
2568,1
2569,1
2570,1
2571,0
2572,0
2573,1
2574,2
2575,1
2576,1
2577,0
2578,1
2579,0
2580,0
2581,1
2582,1
2583,2
2584,1
2585,1
2586,0
2587,1
2588,2
2589,0
2590,0
2591,1
2592,2
2593,0
2594,2
2595,0
2596,0
2597,0
2598,0
2599,1
2600,1
2601,1
2602,0
2603,0
2604,0
2605,0
2606,0
2607,1
2608,1
2609,1
2610,1
2611,1
2612,0
2613,1
2614,1
2615,0
2616,1
2617,1
2618,0
2619,0
2620,2
2621,2
2622,0
2623,0
2624,0
2625,2
2626,1
2627,1
2628,0
2629,1
2630,1
2631,1
2632,1
2633,0
2634,1
2635,1
2636,0
2637,0
2638,1
2639,1
2640,1
2641,2
2642,0
2643,0
2644,1
2645,0
2646,0
2647,1
2648,2
2649,1
2650,0
2651,0
2652,2
2653,0
2654,1
2655,1
2656,0
2657,1
2658,1
2659,0
2660,1
2661,0
2662,0
2663,1
2664,1
2665,1
2666,1
2667,1
2668,1
2669,2
2670,1
2671,1
2672,0
2673,0
2674,0
2675,0
2676,1
2677,0
2678,0
2679,0
2680,1
2681,1
2682,0
2683,1
2684,2
2685,2
2686,0
2687,1
2688,1
2689,1
2690,0
2691,0
2692,0
2693,1
2694,1
2695,0
2696,0
2697,0
2698,1
2699,2
2700,1
2701,1
2702,0
2703,0
2704,1
2705,1
2706,0
2707,1
2708,2
2709,0
2710,2
2711,1
2712,2
2713,0
2714,1
2715,1
2716,0
2717,0
2718,0
2719,0
2720,0
2721,0
2722,0
2723,1
2724,1
2725,0
2726,1
2727,0
2728,0
2729,2
2730,1
2731,1
2732,0
2733,1
2734,2
2735,1
2736,0
2737,1
2738,0
2739,1
2740,2
2741,0
2742,1
2743,0
2744,1
2745,0
2746,0
2747,0
2748,0
2749,1
2750,0
2751,0
2752,1
2753,0
2754,0
2755,0
2756,2
2757,1
2758,2
2759,0
2760,0
2761,0
2762,0
2763,0
2764,0
2765,1
2766,1
2767,0
2768,1
2769,1
2770,1
2771,1
2772,1
2773,0
2774,1
2775,0
2776,0
2777,1
2778,1
2779,0
2780,0
2781,0
2782,1
2783,0
2784,2
2785,1
2786,1
2787,1
2788,0
2789,0
2790,1
2791,1
2792,0
2793,0
2794,1
2795,0
2796,1
2797,1
2798,1
2799,0
2800,1
2801,0
2802,1
2803,1
2804,1
2805,0
2806,0
2807,0
2808,1
2809,0
2810,0
2811,0
2812,1
2813,1
2814,0
2815,1
2816,0
2817,2
2818,1
2819,1
2820,1
2821,0
2822,2
2823,0
2824,0
2825,1
2826,0
2827,1
2828,2
2829,1
2830,1
2831,1
2832,0
2833,1
2834,1
2835,0
2836,0
2837,0
2838,0
2839,0
2840,0
2841,1
2842,0
2843,0
2844,0
2845,0
2846,0
2847,1
2848,0
2849,1
2850,1
2851,0
2852,1
2853,1
2854,1
2855,0
2856,0
2857,0
2858,1
2859,0
2860,1
2861,1
2862,1
2863,0
2864,1
2865,0
2866,1
2867,0
2868,1
2869,0
2870,0
2871,0
2872,1
2873,0
2874,2
2875,0
2876,1
2877,2
2878,2
2879,1
2880,0
2881,0
2882,1
2883,0
2884,1
2885,0
2886,1
2887,1
2888,1
2889,1
2890,1
2891,0
2892,0
2893,2
2894,2
2895,0
2896,1
2897,1
2898,0
2899,0
2900,2
2901,2
2902,2
2903,1
2904,1
2905,1
2906,0
2907,0
2908,0
2909,0
2910,0
2911,0
2912,0
2913,1
2914,1
2915,0
2916,0
2917,0
2918,0
2919,2
2920,0
2921,1
2922,0
2923,0
2924,1
2925,0
2926,0
2927,1
2928,1
2929,0
2930,1
2931,1
2932,0
2933,1
2934,0
2935,1
2936,0
2937,1
2938,2
2939,0
2940,1
2941,0
2942,0
2943,1
2944,0
2945,0
2946,0
2947,0
2948,1
2949,0
2950,0
2951,1
2952,1
2953,0
2954,1
2955,1
2956,1
2957,1
2958,0
2959,1
2960,0
2961,1
2962,0
2963,0
2964,1
2965,1
2966,1
2967,1
2968,0
2969,0
2970,0
2971,0
2972,1
2973,1
2974,2
2975,1
2976,0
2977,0
2978,0
2979,0
2980,1
2981,1
2982,0
2983,1
2984,0
2985,0
2986,1
2987,0
2988,1
2989,1
2990,0
2991,0
2992,0
2993,2
2994,2
2995,0
2996,1
2997,0
2998,2
